{"cameraMode":{"drawMode":0,"name":"Shaded","section":"Shading Mode"},"sceneLighting":true,"audioPlay":false,"sceneViewState":{"showFog":true,"showMaterialUpdate":false,"showSkybox":true,"showFlares":true,"showImageEffects":true,"showParticleSystems":true,"showVisualEffectGraphs":true,"m_FxEnabled":true},"in2DMode":false,"pivot":{"x":0.3945085406303406,"y":0.37645959854125979,"z":-0.23547649383544923},"rotation":{"x":0.34043756127357485,"y":-0.0176438856869936,"z":0.009798135608434677,"w":0.9404078722000122},"size":2.0523064136505129,"orthographic":true}