{"cameraMode":{"drawMode":0,"name":"Shaded","section":"Shading Mode"},"sceneLighting":true,"audioPlay":false,"sceneViewState":{"showFog":true,"showMaterialUpdate":false,"showSkybox":true,"showFlares":true,"showImageEffects":true,"showParticleSystems":true,"showVisualEffectGraphs":true,"m_FxEnabled":true},"in2DMode":false,"pivot":{"x":0.12737369537353517,"y":4.415144920349121,"z":10.285642623901368},"rotation":{"x":0.08074654638767243,"y":-0.8768042325973511,"z":0.15847858786582948,"w":0.4468134045600891},"size":7.255141735076904,"orthographic":false}