{"cameraMode":{"drawMode":0,"name":"Shaded","section":"Shading Mode"},"sceneLighting":true,"audioPlay":false,"sceneViewState":{"showFog":true,"showMaterialUpdate":false,"showSkybox":true,"showFlares":true,"showImageEffects":true,"showParticleSystems":true,"showVisualEffectGraphs":true,"m_FxEnabled":true},"in2DMode":false,"pivot":{"x":-0.6144424676895142,"y":0.9894518852233887,"z":8.287273406982422},"rotation":{"x":0.0022777211852371694,"y":-0.9719519019126892,"z":0.2350834310054779,"w":0.009334332309663296},"size":5.171641826629639,"orthographic":false}