{"cameraMode":{"drawMode":0,"name":"Shaded","section":"Shading Mode"},"sceneLighting":true,"audioPlay":false,"sceneViewState":{"showFog":true,"showMaterialUpdate":false,"showSkybox":true,"showFlares":true,"showImageEffects":true,"showParticleSystems":true,"showVisualEffectGraphs":true,"m_FxEnabled":true},"in2DMode":false,"pivot":{"x":10.336848258972168,"y":-0.3269662857055664,"z":20.721391677856447},"rotation":{"x":0.2254021167755127,"y":0.29135775566101076,"z":-0.07080057263374329,"w":0.9270390272140503},"size":13.701168060302735,"orthographic":false}